{
    "neighbors":[
        [6, 7, 8, 12, 22, 27, 28, 46],
        [17, 35, 39, 42],
        [6, 14, 18, 26, 33],
        [5, 11, 46],
        [2, 20, 39, 40, 46],
        [12, 35, 36, 45],
        [5, 6, 9, 10, 17, 30, 40, 50],
        [7, 12, 20, 30, 47, 49],
        [8, 13, 17, 26, 32, 33, 37, 38, 44],
        [1, 19, 39],
        [16, 21, 29, 31, 37],
        [21, 22, 23, 29, 44, 49],
        [10, 31, 38, 41, 46, 47],
        [18, 19, 32, 36],
        [4, 10, 38, 39],
        [14, 43],
        [22, 23, 32, 36],
        [8, 25, 29, 30, 50],
        [4, 20, 27, 46, 47],
        [40, 48],
        [2, 5, 10, 17, 18, 35, 47],
        [1, 4, 11, 32, 38],
        [9, 30, 36, 45],
        [33],
        [16, 27, 32, 36, 40, 47],
        [1, 4, 15, 25, 27, 45],
        [25, 41, 44, 45],
        [10, 17, 32, 44],
        [5, 24, 29, 32, 43, 47],
        [26],
        [1, 15, 35, 38, 39, 42],
        [2, 7, 9],
        [1, 12, 25, 35, 39, 46],
        [8, 12, 13, 19, 21, 32, 33, 38, 42, 44, 46, 48],
        [2, 3, 26, 33, 36, 37, 42],
        [9, 25, 26, 27, 31, 35, 37],
        [22, 29, 32, 37, 46],
        [14],
        [16, 30, 32, 34, 37, 40, 43],
        [5, 19, 45],
        [3, 7, 8, 12, 13, 26, 33, 42, 46],
        [1, 16, 26, 30, 32, 34, 39],
        [7],
        [3, 7, 19, 35, 46, 48],
        [2, 8, 12, 37, 44, 50],
        [2, 9, 12, 21, 35],
        [26, 39, 49],
        [7, 37, 40, 42],
        [5, 14, 17, 20, 26, 29, 36],
        [3, 9, 19, 31]
      ],
        
      "excitement": [4.24199171753358, 4.467337969082081, 8.179753782689545, 3.6900539717742094, 5.592249683710113, 1.118332850100254, 5.017236827789966, 5.620994059005378, 8.491552667418034, 6.36083823997151, 7.440132040073184, 3.2770618598452605, 1.166535328479458, 1.9557683378521276, 8.197990958533936, 0.05713888680552803, 1.535033666899849, 2.428266831332721, 4.5638069442210965, 3.9231845302231445, 6.811249586020667, 6.039608471524641, 5.755603643200844, 7.643095795102124, 1.7641597958239896, 0.006559746568604141, 7.684602482197103, 2.1708230825021966, 0.2225723428442199, 5.337714135875215, 7.459909025388107, 3.0154010570304113, 2.5577627977562587, 8.519102055281781, 6.88987340579357, 2.5642482124568, 4.4557053556401485, 5.791015761132769, 6.0504614366347935, 7.7203592039283135, 2.3449693763683586, 8.724124656657848, 3.066754989390192, 3.932479637484093, 6.438226515563654, 0.2873730022966624, 2.049573154752722, 7.595343906119401, 6.623589696699183, 1.0457410194464747],
      "weights": [10.0, 10.0, 10.0, 10.0, 10.0, 10.0, 10.0, 10.0, 10.0, 10.0, 10.0, 10.0, 10.0, 10.0, 10.0, 10.0, 10.0, 10.0, 10.0, 10.0, 10.0, 10.0, 10.0, 10.0, 10.0, 10.0, 10.0, 10.0, 10.0, 10.0, 10.0, 10.0, 10.0, 10.0, 10.0, 10.0, 10.0, 10.0, 10.0, 10.0, 10.0, 10.0, 10.0, 10.0, 10.0, 10.0, 10.0, 10.0, 10.0, 10.0],
      "transmission": 0.4,
      "retention": 0.4
}
    
    
    