{
    "neighbors":[
        [11, 15, 30, 36, 41, 45],
        [11, 17, 26, 37, 41, 43],
        [7, 41, 47, 50],
        [50],
        [1, 21],
        [14],
        [4, 11, 27],
        [9, 22, 23, 27, 40],
        [5, 6, 20, 26, 32, 35, 42],
        [11, 13, 22, 23, 31, 38],
        [],
        [3, 31],
        [37, 39],
        [14, 34, 42, 50],
        [1, 2, 3, 31, 41, 48],
        [2, 5, 7, 22, 39, 40],
        [17, 25, 48],
        [8, 28, 42],
        [1, 13, 18, 35, 47],
        [12],
        [4, 30, 31],
        [25, 27, 30, 31, 32, 36],
        [24, 50],
        [4, 10, 44],
        [7, 36, 40, 48],
        [12, 15, 37, 47],
        [11, 44, 49],
        [1, 7, 13, 15, 17, 37],
        [22, 30, 41, 43, 44, 46],
        [3, 10, 11, 18, 39, 45, 46, 50],
        [7, 21],
        [9, 26, 36, 40, 47],
        [3, 7, 13, 24, 43, 45],
        [5, 13, 15, 18, 23, 24, 31, 43],
        [3, 10, 35, 45],
        [26, 30],
        [2, 18, 23, 37, 38, 42],
        [3, 8, 14, 24, 34, 42, 44, 49, 50],
        [1, 2, 6, 36, 48],
        [6, 16, 29, 31, 36, 37],
        [24, 50],
        [2, 15, 28, 39, 40],
        [9, 13, 21],
        [2, 16, 46],
        [27, 42],
        [15, 24, 37, 39, 40],
        [2, 5, 14, 30, 31],
        [17, 20, 32, 47],
        [2, 32, 34, 37],
        [7, 11, 12, 14, 17]
      ],
       "excitement": [1.6340466407538652, 6.288485225540496, 5.563649081364097, 5.644316607929396, 3.8096510678561355, 4.985227959599788, 4.950146654680033, 4.633502242561866, 7.569281256828195, 3.5855708324828734, 8.128359270161349, 0.1013662265408305, 0.6476846824554289, 5.631130092096273, 4.8217597472323135, 8.987808402297732, 6.68963650645725, 2.466860135245993, 2.5088012948878666, 2.1763881734543307, 6.48512091614439, 2.556488554842275, 3.6245340472980736, 7.904651037400391, 3.4848601112384925, 4.725360409164567, 1.1212067071049674, 5.519005188020644, 5.266115528746382, 2.8425945235454924, 1.2378687569284694, 5.817734007825029, 3.8937881498100904, 2.5727940256976547, 7.030851580457285, 7.972512390247026, 8.244322008895022, 2.5118385676403547, 3.2674564854121653, 1.6862976726463135, 1.4500648528979339, 7.6095732651224886, 0.6029081247957501, 1.7608611343757403, 0.21561493237656681, 1.8775682692092386, 3.5810273940244173, 7.550249313611337, 6.295165175459638, 4.440350593311738],
       "weights": [10.0, 10.0, 10.0, 10.0, 10.0, 10.0, 10.0, 10.0, 10.0, 10.0, 10.0, 10.0, 10.0, 10.0, 10.0, 10.0, 10.0, 10.0, 10.0, 10.0, 10.0, 10.0, 10.0, 10.0, 10.0, 10.0, 10.0, 10.0, 10.0, 10.0, 10.0, 10.0, 10.0, 10.0, 10.0, 10.0, 10.0, 10.0, 10.0, 10.0, 10.0, 10.0, 10.0, 10.0, 10.0, 10.0, 10.0, 10.0, 10.0, 10.0],
      "transmission": 0.4,
      "retention": 0.4
}
